0,0.06023643732604065,0.07422662239367123,0.08392607060891626,0.04444308804140667
1,0.061455442160261185,0.07384408418379779,0.08445744421114318,0.04508140045900594
2,0.06136075980272448,0.07560876995947073,0.0828368084379122,0.045118365154547535
3,0.06166482738414932,0.07327862688607763,0.08487924215049512,0.04417222520630746
4,0.06194389374481137,0.07459290004394699,0.0826263001123098,0.0446585770789578
5,0.061230528834414974,0.07417159040968728,0.08202192489867638,0.0438400800820339
6,0.06227974998779191,0.07580775428487717,0.08437228380291957,0.0442722300893584
7,0.059890277845597376,0.0751147516968594,0.08450603056789824,0.04397397333854041
8,0.06237125836222416,0.07550495629669339,0.08223799990233874,0.04417080912153785
9,0.06083705259045823,0.07464759021436533,0.08055198007715209,0.04360154304409258
10,0.06109014112017134,0.07483221837003735,0.08078705014893349,0.043524488500413926
11,0.06259866204404413,0.07548815860149384,0.08062556765467017,0.04467928121490199
12,0.062340690463400725,0.07560125006103757,0.08039816397284996,0.044245519800769774
13,0.061629767078470475,0.07528429122515723,0.08099931637286957,0.044688363689631666
14,0.06188495532008381,0.07599184530494661,0.08330416524244287,0.04454856194149975
15,0.061246301088920124,0.07403252111919466,0.08016592607060845,0.043482103618339686
16,0.06147629278773367,0.07533194980223569,0.08176219541969808,0.044156159968747145
17,0.06184325406513929,0.07581947360710943,0.08151184139850559,0.04355427511108798
18,0.062213096342594275,0.0759205527613651,0.08089569803213054,0.04392480101567282
19,0.06262576297670744,0.07640636749841273,0.08229376434396181,0.04376580887738536
20,0.06251403877142421,0.07490766150690953,0.08181249084427898,0.043427413447921163
21,0.06260691440011662,0.07650100102544034,0.08113311196835775,0.04504121294984937
22,0.06244855705845013,0.07664822501098695,0.08357327017920721,0.04451711509350936
23,0.061328873480149676,0.075141950290541,0.08256545729771915,0.04414287807021669
24,0.06145202402461038,0.07666233702817457,0.08087235704868433,0.043867278675715236
25,0.06127867571658738,0.07556155085697537,0.08216592607060813,0.044179793935249616
26,0.06190634308315825,0.0751534742907366,0.08251682211045452,0.04384457248888984
27,0.06188978954050451,0.07588436935397208,0.08026402656379703,0.04373260413105965
28,0.0617283558767513,0.0756454905024654,0.08135905073489866,0.043278187411493176
29,0.0632109478001852,0.07551774989013156,0.08134772205674126,0.04509233849308912
30,0.06069144001171897,0.07611431222227626,0.08006855803506024,0.04403042140729397
31,0.06227061868255216,0.07644362517701023,0.08200849650861862,0.04452233995800438
32,0.06152678353435164,0.07732325797158053,0.08342111431222181,0.04420699252893071
33,0.061508618584891164,0.07580379901362372,0.07935548610772003,0.044174520240244805
34,0.06063054836661861,0.07618570242687585,0.08223721861418977,0.04436876800624884
35,0.06268416426583262,0.07653127594120747,0.08133273109038486,0.044790321793054935
36,0.06121915132574834,0.07574818106352878,0.08236495922652431,0.04437555544704195
37,0.061413106108696276,0.07675887494506509,0.0816819180624055,0.04503310708530582
38,0.06158030177254735,0.07701704184774666,0.08199179647443687,0.04467517945212035
39,0.06191654865960158,0.0758276283021633,0.08108384198447166,0.04419200156257491
40,0.06114947018897381,0.0754872796523265,0.07966375311294459,0.04365691684164126
41,0.06146056936373751,0.07510537623907375,0.07857366082328275,0.04420738317300515
42,0.06138336832853121,0.076713853215489,0.08184300991259325,0.04396928560964763
43,0.06011616778162955,0.0753441085990527,0.08125401630938972,0.04429425264905351
44,0.0622623174959713,0.07608550222178816,0.0821859465794228,0.044432198837832455
45,0.060793691098197614,0.07491440011719247,0.08278465745397695,0.04428482836075838
46,0.061784120318374186,0.07634239953122622,0.08128546315738037,0.04467703501147401
47,0.060624639874993023,0.07473821963963037,0.07950686068655695,0.04378451096244785
48,0.06151267151716375,0.07669407685922118,0.08101352605107648,0.04453952829727873
49,0.061635870892133064,0.07628448654719433,0.08007456418770413,0.04470091313052275
50,0.06239308559988217,0.07596874847404622,0.08021128961375071,0.04393212559206856
51,0.060577225450461014,0.07613955759558537,0.07999472630499531,0.045379510718295414
52,0.0603488939889641,0.07478958933541624,0.08132643195468488,0.043911860930708035
53,0.06146183895697985,0.07621260803750189,0.08161721763757965,0.04470643097807368
54,0.06091967381219776,0.07606221006885064,0.0802263294106155,0.04386967137067067
55,0.060966160457053185,0.07527335319107321,0.07948225010986798,0.04312896137506577
56,0.060197031105034125,0.07481258850529769,0.07934703842961073,0.04292226182918928
57,0.06161287172225174,0.07699130816934405,0.0814636456858245,0.04310464378143318
58,0.06208740661165089,0.0758313882513797,0.08092773084623267,0.04437570193856995
59,0.060778895453879364,0.07588881293031847,0.08136720542995217,0.0433542165144766
60,0.0622642218858339,0.07571717369012143,0.0812778455979295,0.04516021290101905
61,0.06065432882464921,0.07634874749743632,0.07916695151130408,0.04433741881927693
62,0.0608365642853648,0.07514693100249048,0.08072527955466532,0.043989159626933484
63,0.060678792909809535,0.07604331266175073,0.07927486693686259,0.044345915327895606
64,0.06081507886127205,0.07615845500268513,0.08137042824356594,0.043719761707113086
65,0.060510962449338075,0.07613301430733889,0.08050012207627359,0.04365970018067161
66,0.0605156990087402,0.07633063137848517,0.08049387177108236,0.04317676644367257
67,0.060748962351676976,0.07604946530592296,0.08059182577274289,0.044359978514574815
68,0.05940265637970545,0.07486503247228825,0.07983216953952844,0.04402304800038929
69,0.06052702768689881,0.07673377606328435,0.08193280921919971,0.04424219932613787
70,0.06077078958933501,0.0757229356902186,0.0806311831632402,0.045051223204256766
71,0.06174183309731841,0.07780155281019538,0.08116314273157844,0.044402461057667666
72,0.061893549489720874,0.0769735338639574,0.08186283509936962,0.044709897944234314
73,0.0612433712583619,0.07546354802480522,0.07919278285072427,0.04467718150300153
74,0.0604089555154053,0.0767302114361051,0.08058205967088253,0.044153620782263016
75,0.0615953415694119,0.07602373162752035,0.08013433273108994,0.04375008545338968
76,0.060023878119048524,0.07503813662776469,0.07704360564480674,0.04395243908393832
77,0.06083685726842096,0.07633165681918025,0.08231607988671295,0.044576102348746184
78,0.06048137116070116,0.07487987694711584,0.08100400410176273,0.043370037599490534
79,0.05913394208701527,0.07498149323697396,0.0795300063479662,0.0444410371600163
80,0.060678206943698076,0.07566306948581468,0.0799371063040185,0.04406064749255203
81,0.060732848283607165,0.07454006543288202,0.07784852776014438,0.04454309292445807
82,0.061104594950924934,0.07638942331168495,0.07802304800039048,0.04366516919771319
83,0.06074764392792568,0.07522764783436653,0.0787712290639192,0.04457981346745285
84,0.06091508374432311,0.07495073001611359,0.07895307388056026,0.043507202500120634
85,0.0588802187606811,0.07451008350017041,0.0785152595341567,0.04434293666682817
86,0.06084139850578595,0.07619126910493654,0.08101245177987182,0.044847697641484906
87,0.06119073196933391,0.07577186386053981,0.08181571365789307,0.04384042189559874
88,0.062057620000976324,0.07565369402802803,0.07986786464182839,0.04357302602665992
89,0.060056057424678864,0.07526632159773386,0.0810239269495577,0.04422452268177048
90,0.06057873919624913,0.07536940280287142,0.08169432101176803,0.04352429317837648
91,0.05935529078568238,0.07500517603398567,0.0789331022022554,0.044103667171247134
92,0.061484105669221585,0.07577635626739569,0.08110391132379513,0.04393232091410569
93,0.060681332096293235,0.07605029542458094,0.07910474144245304,0.04401606523755873
94,0.061475413838565474,0.07594565164314604,0.07998090727086188,0.04449279749987629
95,0.06037028175203784,0.07639586893891262,0.07926002246203387,0.044407246447579145
96,0.06107139020459915,0.07549738756775183,0.07822232530885241,0.04487850969285481
97,0.059843156404121224,0.07583763855656987,0.07918467698618076,0.04427281605546991
98,0.061094780018555526,0.07534572000585875,0.07944723863469874,0.0439471653889336
99,0.060354411836515236,0.07573397138532119,0.07926934908931098,0.04443473802431628
100,0.060180819375945625,0.07585790321793047,0.07996962742321381,0.04399873040675675
101,0.06026490551296376,0.07666038380780288,0.07849206504223821,0.044152253528003005
102,0.06067640021485369,0.07592524049025784,0.07854489965330272,0.04421187557986077
103,0.061193564138873474,0.07642443478685447,0.07967625372332598,0.0446150690951693
104,0.060406367498412675,0.07535934371795483,0.07891977147321573,0.04387265003173809
105,0.05983588065823496,0.07574739977537917,0.08042340934615949,0.04363279457004579
106,0.05987435909956474,0.0752934225303967,0.07884989501440509,0.04390624542213849
107,0.061043752136334624,0.07541252014258426,0.0798130768103908,0.04498344645734528
108,0.060097612188094736,0.07588119537086724,0.07928375408955578,0.044053176424628616
109,0.0601366277650274,0.07423126129205364,0.07921802822403426,0.04362551882415955
110,0.06129381317447085,0.07660627960349607,0.08179481419991186,0.04500556667805913
111,0.059829093217442064,0.0754155964646707,0.07946764978758683,0.0439756824063661
112,0.06034923580252875,0.07615669710435026,0.0781843351726152,0.04350061038136483
113,0.05949455539821238,0.0747451535719511,0.07967058938424719,0.04406787440792853
114,0.06227354851311057,0.07567566775721457,0.08063938668880309,0.044512427364615866
115,0.060695004638898126,0.0755180428731869,0.08098881781336982,0.0438497973533851
116,0.061149470188974,0.07702641730553232,0.07985126226866551,0.04478070218272225
117,0.060680306655597975,0.07537296743004984,0.08042785292250597,0.04410898969676119
118,0.06059138629815883,0.07610049318814388,0.07806118462815541,0.044237951071828166
119,0.061251672444943527,0.07606753259436429,0.08086913423506951,0.04319927730846079
120,0.061404804922114836,0.0751655842570438,0.08101772547487628,0.04421534254602133
121,0.0622052346305968,0.07613985057864074,0.07911997656135468,0.04429034620830978
122,0.06033820010742669,0.07435656037892473,0.0794949460422867,0.04341720787147686
123,0.06059329068802191,0.07682880023438628,0.0792975242931785,0.04369915523218794
124,0.0602060647492548,0.07510762244250146,0.07820494164754102,0.04305561795009388
125,0.059979247033546325,0.07509644025587121,0.0792119244103712,0.04393407881244077
126,0.060208799257775315,0.07533053371746644,0.07936696127740511,0.04430660676790732
127,0.059257434445040474,0.07493930367693684,0.07802900532252541,0.04376576004687592
128,0.06010679232384361,0.0761532789686995,0.08112373651057163,0.04383304848869416
129,0.05988095121832111,0.07545656526197572,0.08152033790712426,0.04397299672835442
130,0.060054592509399984,0.0750059573221347,0.07903198398359286,0.043597294789783234
131,0.06054812246691677,0.07563240392597295,0.08204297084818532,0.04350734899164848
132,0.06100883832218326,0.0762169051223204,0.08019874017285973,0.04410776893402856
133,0.06148542409297283,0.07523946481761774,0.08092621710044429,0.04359822256946006
134,0.0613309243615407,0.07666331363836076,0.08045803017725496,0.04443507983788099
135,0.0601477611211479,0.07611348210361799,0.07976722496215588,0.04399121050832451
136,0.0611979588847105,0.07671976170711482,0.0800654817129741,0.04465501245177849
137,0.05939259729478896,0.07556511548415433,0.07714697983299952,0.04284012891254295
138,0.06043332193954711,0.07583890814981205,0.07772835587675178,0.04391698813418479
139,0.06097573123687632,0.07578075101323319,0.07987616582840913,0.044015381610428624
140,0.06027052102153356,0.07571053274085637,0.08010269056106215,0.044152741833095935
141,0.06063450363787254,0.07650832560183604,0.08095429464329269,0.043819424776599086
142,0.05984105669222103,0.07508105864544126,0.080532106059866,0.04394672591434975
143,0.05975350358904179,0.07662698373944049,0.08240373065091075,0.043659211875578405
144,0.06006631183163184,0.07580458030177194,0.07954631573807354,0.04369490697787836
145,0.05967386102837013,0.07593227208359739,0.07858313394208714,0.04497670784706141
146,0.059919673812197885,0.07487865618438408,0.07799311489818768,0.043641681722738884
147,0.060456125787391436,0.07606860686556913,0.0796775233165677,0.04346891938082804
148,0.059075638458907995,0.07513662776502672,0.0780895063235504,0.04389149860832908
149,0.061991210508324825,0.07543327310903879,0.08012178329019902,0.04445588163484405
150,0.060446017871965636,0.07625025636017364,0.07950993700864302,0.04384374237023185
151,0.06024796132623611,0.07575150153816064,0.0807762097758678,0.04486576492992676
152,0.060386346989598674,0.07533341471751555,0.07877816299623865,0.04377962791151768
153,0.061081156306459924,0.07512271106987631,0.07751154841544965,0.04341789149860698
154,0.0613757019385709,0.07686288392987865,0.08169436984227725,0.0444745348893976
155,0.0620118169832504,0.07615376727379287,0.07753435226329404,0.04397719615215444
156,0.060469847160505935,0.07479002881000019,0.07949846183895651,0.04339567361687456
157,0.06098662044045085,0.07550686068655668,0.07921841886810838,0.043795546657550234
158,0.06028204502172959,0.07526822598759683,0.07781913179354485,0.044394550515160815
159,0.061893842472777114,0.07669554177449987,0.07940553737975471,0.04418999951169332
160,0.060447971092337766,0.07519341764734594,0.07711533766297167,0.044301919039014113
161,0.06085819620098608,0.07632775037843649,0.08089633282875118,0.043892719371061706
162,0.0600083988475997,0.07529884271692958,0.07659338834903974,0.04344914302456025
163,0.06126466136041765,0.07548601005908466,0.07889071732018084,0.0429733385419192
164,0.06060857463743274,0.07592358025294157,0.079821182674935,0.043907515015380205
165,0.0610793495776159,0.07608232823868345,0.07982875140387717,0.043899067337270906
166,0.06134425509058086,0.07599028272864854,0.07890658723570504,0.04430758337809329
167,0.061139215782019765,0.07668011133356048,0.07909780751013164,0.044933688168366286
168,0.060455149177205375,0.07480189462376037,0.07760115240001897,0.04313277015479134
169,0.061760144538307124,0.0755102788222079,0.07877552614873777,0.04368396894379442
170,0.06003076322086024,0.07533780946335222,0.07708979930660602,0.04355144294154842
171,0.05960222667122364,0.0755066165340096,0.07768103911323787,0.0430521021534241
172,0.0604718003808773,0.07514834708725975,0.07687216172664638,0.04409277796767284
173,0.059729527808974864,0.0758455490990768,0.07828961375067046,0.04394994872796407
174,0.061589188925239985,0.07597128766052996,0.07809521949313833,0.04397968650812892
175,0.05963772645148665,0.0753434738024316,0.07792377557497927,0.043990331559156895
176,0.059425069583475015,0.07495746862639648,0.07772601201230472,0.044445480736362564
177,0.06048405683871268,0.07505542262805767,0.07599140583036265,0.04383705259045722
178,0.06022256946139885,0.07526041310610854,0.0771627520875042,0.043578543874211235
179,0.06019185507104824,0.07554074906001293,0.07970965379168889,0.04394794667708245
180,0.05948332438107282,0.07459397431515134,0.07718648371502528,0.04313052395136307
181,0.061542262805800774,0.07548503344889855,0.07912788710386211,0.044156159968747
182,0.0600713413740902,0.07565188729918387,0.0798252356072066,0.043453879583962594
183,0.06140294936276185,0.07582035255627725,0.07857493041652422,0.044122125103763433
184,0.06033546559890576,0.0758483324381065,0.08101513745788327,0.044054690170416994
185,0.06182040138678595,0.07587499389618582,0.07894721421944402,0.04566057912983914
186,0.059263831241758914,0.07492626593095353,0.07682733531910704,0.04354929439913911
187,0.06058284095903064,0.07573240880902353,0.07770071780848646,0.04430201670003279
188,0.05959495092533765,0.07507856828946731,0.07706059866204377,0.042941501049854426
189,0.0615601836027146,0.07494721421944378,0.07919268518970649,0.04472659797841557
190,0.06116460764685741,0.07526768885199353,0.07671297426632134,0.04437692270130243
191,0.06097084818594666,0.07533380536158953,0.07653449875482139,0.04420626007129109
192,0.06146218077054477,0.07542194443088016,0.08022398554616925,0.044666731774011
193,0.06008911567947613,0.07585878216709711,0.07877992089457465,0.04440793007470942
194,0.059942282338004124,0.07579505835245859,0.0809704087113625,0.04332027931051197
195,0.059244592021094326,0.0739043410322765,0.07851184139850569,0.04287225938766413
196,0.06038400312515201,0.07593886420235334,0.07867410518091683,0.044085160408221725
197,0.060474193075833266,0.07488895942184629,0.0777411006396796,0.04424737536012368
198,0.06216949069778774,0.07611196835782931,0.07955881634845359,0.043985643830263516
199,0.06053152009375401,0.07489555154060205,0.07781190487816728,0.044080277357291635
200,0.06018555593534808,0.07594457737194163,0.07937365105717993,0.043319839835927854
201,0.06093783876165799,0.07568948679134728,0.07927862688607802,0.04448859807607653
202,0.05973260413106074,0.07436398261633853,0.0780520044924068,0.04423741393622605
203,0.05966687826553972,0.07520718785096893,0.07732477171736887,0.04350988817813225
204,0.05973997753796535,0.07457053567068682,0.07785238537037896,0.04391879486302905
205,0.060891303286293025,0.07587172225206283,0.07716924654524134,0.044325650666534974
206,0.06044831290590296,0.0760859905268806,0.07755891400947303,0.04485468040431529
207,0.060670394062209525,0.07389311001513707,0.07586869476048629,0.04314107134137213
208,0.05993666682943472,0.07388637140485314,0.07722393671565983,0.043312954734116435
209,0.061666096977390776,0.07586893891303241,0.07893642267688852,0.04481293031886194
210,0.06085638947214141,0.07540802773572923,0.07964368377362124,0.044140143561696085
211,0.060806533522144164,0.07471536696127777,0.07854602275501753,0.04294423555837519
212,0.061981346745445774,0.07591732994775056,0.08054997802627101,0.04479896479320143
213,0.061027931051320476,0.07502705210215357,0.07840026368474998,0.04476532057229202
214,0.06054734117876824,0.07524771717368943,0.07723174959714839,0.04476307436886455
215,0.061285219004834024,0.07549699692367746,0.07961497143415196,0.04407319693344262
216,0.061170467307973736,0.07468748474046512,0.07720601591874576,0.044076517408075486
217,0.061740172860002565,0.07579437472532778,0.0784350798378817,0.04443034327847917
218,0.06118252844377126,0.07475408955515338,0.07665667268909619,0.04377879779285975
219,0.060833829776843776,0.07484340055666695,0.07778700131842332,0.044090043459151886
220,0.0598276771326722,0.07488895942184651,0.07778329019971668,0.04348815860149288
221,0.0610632843400553,0.0746377264514866,0.0779640607451534,0.04344767810928115
222,0.0610013184237503,0.07412778944284358,0.07817281117242011,0.0436820645539319
223,0.060415987108744976,0.07430914595439253,0.07807139020459954,0.04403994335660778
224,0.059961521558669725,0.07468025782508844,0.07795102299916984,0.043557742077248635
225,0.060195859172810826,0.0749798329996575,0.0776275208750426,0.04455652131451597
226,0.061525367449582286,0.07555281019580956,0.07733111968357846,0.04391317935445941
227,0.06117154157917819,0.07546174129596196,0.07898994091508303,0.04450324722886725
228,0.06085853801455082,0.07505034425509008,0.07607031593339543,0.04469090287611607
229,0.061239660139654616,0.07474940182626078,0.07907500366228795,0.04527682015723286
230,0.06000918013574846,0.07506470042482505,0.07519776356267382,0.043814737047706366
231,0.061500903364421426,0.075196005664338,0.07856653156892401,0.04540646515943038
232,0.060511792567995874,0.07535734166707282,0.07639420870159666,0.04338419844718855
233,0.061437619024366,0.07477943258948143,0.07651203672054274,0.0440477562380961
234,0.061868352946921036,0.07502275501733452,0.07923765808877431,0.04385482689584334
235,0.061623321451242524,0.0755955368914491,0.0774445529566873,0.04405327408564758
236,0.06088744567605781,0.0751324283412276,0.07792323843937643,0.04474393280921786
237,0.060746569656720824,0.07466844084183735,0.0775139411104054,0.04393354167683841
238,0.06134835685336153,0.07480008789491649,0.07716275208750369,0.04366575516382495
239,0.060202304800038624,0.07375438253820958,0.07785902631964378,0.04396655110112626
240,0.06087904682845741,0.07506074515357161,0.08003530445822528,0.045152009375456416
241,0.0594876214658915,0.0740199716783048,0.07606084281459011,0.043872796523266484
242,0.060626495434346984,0.07596152155866957,0.07700385761023441,0.04399799794911709
243,0.061269251428291815,0.07537438351482009,0.07968533619805622,0.04442160261731413
244,0.059714683334146514,0.07554831778895486,0.08025958298745016,0.04459539039992064
245,0.060784413301430563,0.0752814102251084,0.0769803701352603,0.0447908589286578
246,0.06006308901801825,0.07486420235363048,0.08095009521949285,0.04478455979295727
247,0.06012935201914105,0.0760384296108206,0.0778844670149908,0.04447263049953519
248,0.05982992333610008,0.07448488695737103,0.0764506567703496,0.04397221544020585
249,0.059943844914301776,0.07569461399482412,0.07683929879388632,0.04433072903950257
250,0.06177049660627909,0.07520474632550392,0.07829034620831052,0.04390907759167779
251,0.06061829190878409,0.07475731236876786,0.07776532057229299,0.043841447336294234
252,0.06033282875140294,0.07493090482933734,0.07838541920992144,0.044327506225888574
253,0.06055393329752407,0.0755727818741146,0.07812974266321535,0.044465061770593166
254,0.06046589188925195,0.07552512329703576,0.07722808730895063,0.0440058108306054
255,0.060802431759362875,0.0754108599052685,0.07755310317886617,0.04478748962351541
256,0.059501586991552086,0.07415132574832725,0.07655700961961028,0.04358855412861847
257,0.06172947897846555,0.07619288051174374,0.07889750476097471,0.043793007471066576
258,0.061142878070218225,0.07547477904194523,0.0777448117583872,0.04441496166804907
259,0.0610660676790858,0.0754099321255917,0.07711948825626208,0.04393979198202947
260,0.061126129205526986,0.07449963377117949,0.07776092582645643,0.04427281605546999
261,0.059735729283655975,0.07398408125396742,0.07868899848625348,0.04321978612236769
262,0.05989345182870182,0.0751318912056253,0.07793402998193301,0.043524146686848134
263,0.06193285804970899,0.074400166023731,0.07837067239611244,0.04405898725523565
264,0.061505102788222125,0.07512539674788793,0.0765549587382191,0.043803701352603516
265,0.06124830313980119,0.07546452463499177,0.07843688656672651,0.04472029884271543
266,0.06162610479027245,0.07490907759167842,0.07957790907759134,0.043944772693977965
267,0.05983553884466985,0.07504653547536484,0.07857038917915929,0.043930904829336134
268,0.060172322867327176,0.07479432589481876,0.07725430929244542,0.044604082230576436
269,0.061058498950143265,0.07486893891303299,0.07751237853410847,0.04320010742711892
270,0.06151745690707538,0.07474847404658416,0.07631251525953438,0.04490097172713359
271,0.06023277503784314,0.07495370867718132,0.07716035939254817,0.043798134674543285
272,0.06149709458469636,0.0746253723326333,0.07898745055910945,0.04415694125689593
273,0.06152824844963106,0.07492279896479287,0.07754958738219626,0.044625177010594735
274,0.06209185018799684,0.07499672835587612,0.07779623028468168,0.044119048781677515
275,0.06052307241564461,0.07462937643439599,0.07594208701596751,0.04377728404707081
276,0.061782167098002425,0.07448786561843787,0.07652873675472471,0.044126715171637736
277,0.06019390595243852,0.07424034376678439,0.07496977391474177,0.04391679281214739
278,0.061218028224034125,0.07487660530299299,0.0767705942672977,0.043947556033008
279,0.06075311294496784,0.07394491918550689,0.07776195126715113,0.04390722203232443
280,0.06048308022852648,0.07282421016651139,0.07733126617510579,0.0434305386005164
281,0.061141901460031615,0.07424219932613843,0.07856672689096139,0.043563699399383364
282,0.06159543923043116,0.07506167293324857,0.07709658674740016,0.04441911226133945
283,0.059919722642706535,0.07406972996728281,0.07582445431905807,0.04387265003173858
284,0.06099589823721819,0.07573328775819065,0.0776329410615752,0.04354787831436956
285,0.059914155964645915,0.07396367010107847,0.0765783973826842,0.04357390497582731
286,0.060799990233897726,0.07574569070755383,0.07817119976561357,0.04419483373211423
287,0.06012417598515514,0.07433380536158929,0.07587675179452133,0.04382367303090829
288,0.06085687777723482,0.0757860247082371,0.07655368914497733,0.044388593193025794
289,0.060176424630108666,0.07368255285902531,0.07877171736901199,0.044275404072463435
290,0.061315103276526665,0.0751551833585625,0.08028512134381544,0.04510107915425444
291,0.060546706382147514,0.07458508716245849,0.08114693100249047,0.04527603886908407
292,0.061404902583133435,0.07510781776453886,0.07777147321646585,0.04475994921626895
293,0.06031285707309821,0.07414898188388097,0.07788832462522627,0.04462537233263236
294,0.06176009570779777,0.07426041310610844,0.07789921382879991,0.044647980858438865
295,0.0609932613897158,0.07558513599296789,0.08157961814541717,0.04396811367742443
296,0.06078329019971649,0.07511455637482288,0.07885712192978163,0.04505083256018221
297,0.061416035939254376,0.07461106499340778,0.07801201230528787,0.04386483715025022
298,0.06245016846525665,0.07529527808975021,0.07812656868011122,0.04441076224424895
299,0.059459543923042577,0.07492167586307898,0.0788743590995651,0.043690170418475935
300,0.06073528980907252,0.07411641193417652,0.07691659749011155,0.04458401289125316
301,0.059922994286830226,0.07451003466966148,0.07786117486205378,0.04350520044923905
302,0.06183763855656998,0.07426534498754782,0.0773124664290248,0.04415860149421216
303,0.06068782655403061,0.07405630157722523,0.07536163875189164,0.04424566629229802
304,0.061265784462131476,0.07434440158210825,0.07591903901557659,0.0441429269007265
305,0.0608179598613208,0.0753383954294637,0.07693085599882796,0.04396323062649418
306,0.059994433321939884,0.07371702719859304,0.07646774744860567,0.044023438644463835
307,0.061104106645832074,0.07458186434884491,0.07541164119341774,0.044965769812977965
308,0.06157493041652344,0.07598373944040193,0.07900302749157674,0.04422901508862597
309,0.062030567898822976,0.07579779286097901,0.07846740563504034,0.04436173641290925
310,0.06157703012842401,0.07433673519214799,0.07424439669905727,0.043741930758336565
311,0.06044855705844983,0.074342253039699,0.07514566140924778,0.04454719468723972
312,0.06138986278626825,0.07482679818350517,0.0771136285951467,0.044199667952535125
313,0.06081683675960661,0.07403242345817637,0.07729405732701804,0.04310537623907267
314,0.061808877386590994,0.07470384296108126,0.07638913032862893,0.04378392499633643
315,0.060154255578885714,0.0738788515064205,0.07736471507397809,0.043659260706087805
316,0.06073934274134433,0.0744392304311733,0.07704751208555076,0.04380003906440618
317,0.060312271106987475,0.07433297524293131,0.07573338541921022,0.0432625128180073
318,0.06146369451633332,0.07450715366961286,0.07753747741588886,0.0439370086429987
319,0.06158816348454425,0.07337492065042181,0.0775631622637824,0.044076370916547286
320,0.060123150544460366,0.07559841789149822,0.07610737828995555,0.044311392157818964
321,0.06139459934567081,0.07412969383270653,0.07672313101225664,0.04413159822256814
322,0.061445676058401164,0.07515093510425325,0.07724161336002752,0.043967967185896135
323,0.06029903803896619,0.0744552956687332,0.07738400312515223,0.04386752282826148
324,0.0616865569607884,0.07524791249572675,0.0763228673275059,0.043965672151958964
325,0.05988392987938821,0.07389481908296275,0.07854411836515361,0.044592460569362335
326,0.061399921871185065,0.07527711314028987,0.07783260901411135,0.043999755847451714
327,0.061597148298256785,0.0750058108306065,0.07635792763318493,0.04387626348942684
328,0.06106089164509919,0.07420713902045932,0.07661204160359378,0.04414522193466364
329,0.06034874749743618,0.07465828409590226,0.07744762927877341,0.04388368572684102
330,0.05919727525758079,0.07445221934664742,0.07575892377557512,0.044504907466183366
331,0.05945866497387525,0.07406631183163226,0.07527472044533404,0.04364441623126017
332,0.06033575858196165,0.07416426583329241,0.07707104839103421,0.04311104057815175
333,0.06131441964939724,0.07453567068704503,0.07630924361541054,0.043953659846670635
334,0.05925919234337525,0.07471653889350037,0.07641501049855885,0.04420030274915642
335,0.06238400312515228,0.07551794521216809,0.07792040626983739,0.04434947995507466
336,0.061405928023828826,0.07477850480980447,0.07777767469114648,0.0447013526051063
337,0.0619362273548509,0.07469310024903515,0.07734860100590868,0.04378578055569001
338,0.06097285023682762,0.07502060647492523,0.07651550368670341,0.044835685336196585
339,0.060815957810439664,0.07455764441623045,0.0755071536696125,0.04341862395624629
340,0.060482982567507275,0.07414932369744569,0.07646652668587288,0.0438801210996619
341,0.06090375506616516,0.07423970897016477,0.0780356462717899,0.04394950925338007
342,0.06031993749694785,0.0722258899360319,0.07657312368767959,0.04435387470091151
343,0.061468284584207625,0.07432506470042402,0.07799003857610197,0.0443770203623209
344,0.06038288002343871,0.07439264612529865,0.07822886859709946,0.04404502172957495
345,0.061992821915132085,0.07410645051027856,0.07753098295815113,0.04438244054885359
346,0.060784120318374324,0.07299506811856042,0.07616333805361536,0.044416914888421
347,0.06076195126715137,0.07372010352067919,0.07565457297719634,0.04315723423995164
348,0.05958762634894223,0.07294799550759327,0.07580243175936317,0.04292900043947345
349,0.06047614629620554,0.07341813565115457,0.07752453733092401,0.04409272913716393
350,0.06076654133502527,0.07454397187362599,0.07843459153278977,0.0441347233751635
351,0.06055119878900282,0.07470091313052372,0.0761223204258016,0.044127252307240364
352,0.0611518140534199,0.07454397187362635,0.07646613604179991,0.044148298256749735
353,0.05999912105083264,0.07450505395771244,0.07451398994091467,0.044015430440938086
354,0.06182464964109545,0.07521055715611058,0.07773314126666322,0.04369300258801556
355,0.0615808389081492,0.07474891352116764,0.07702514771229063,0.044151130426288814
356,0.06012114849357851,0.07433776063284314,0.07719820303725719,0.04374481175838522
357,0.06092978172762273,0.07476248840275343,0.07607060891645041,0.04374744860588742
358,0.06042311636310329,0.07419385712192925,0.07716978368084311,0.04353713560232307
359,0.059452317007665824,0.0731453684261916,0.0747771863860536,0.04335587675179307
360,0.06060222667122385,0.07354382538209885,0.0766136041798913,0.04395995898237063
361,0.061344548073635874,0.0741005908491618,0.07726954441134777,0.044405000244151116
362,0.061220420918989986,0.07449177205918177,0.07816748864690624,0.04451311099174619
363,0.0604336637531124,0.07491982030372568,0.07755759558572181,0.04383207187850826
364,0.06096225401630885,0.07420674837638469,0.07661614336637472,0.044257776258604935
365,0.061006103813662775,0.07480863323404395,0.07914990966355792,0.04415908979930537
366,0.060592118755798376,0.07410376483226665,0.07568045314712582,0.043240587919330636
367,0.061611455637481716,0.07401484447482759,0.07642082132916607,0.04376864104692477
368,0.05973978221592835,0.07379168904731667,0.07682240343766797,0.043598906196590216
369,0.05927110698764568,0.07453737975487028,0.07442204209189851,0.0443628106841142
370,0.059799892572879584,0.07396142389765127,0.07621656330875454,0.04394023145661306
371,0.06127218125885023,0.0735995898237215,0.07682518677669757,0.044045949509251885
372,0.061436886566726134,0.07438493090482913,0.076194931393134,0.04355027100932485
373,0.06003164217002735,0.0744715562283311,0.07934391327701527,0.04358152253527856
374,0.0613802920064451,0.07468626397773273,0.07630709507300093,0.04530020997118875
375,0.06080501977635582,0.07403989452609952,0.0752948874456758,0.04410991747643818
376,0.06047507202500081,0.07332125592069892,0.07552673470384284,0.043839396454903985
377,0.059929635236095236,0.0742341911226122,0.07569412568973058,0.04344250207529512
378,0.06177425655549482,0.07341203183749173,0.07717032081644581,0.04347536500805573
379,0.061135016358219926,0.07477469603007926,0.08004682845842087,0.04436212705698403
380,0.0611203672054294,0.0730999560525418,0.07721714927486655,0.04395756628741533
381,0.060758630792518815,0.07448737731334493,0.07856887543337089,0.04318477464719798
382,0.059352263294106075,0.07282045021729541,0.07804160359392527,0.04332618780213753
383,0.0604542702280382,0.07503940622100648,0.07728565847941755,0.044461008838320666
384,0.060123980663117985,0.07376121880951222,0.07758293862004939,0.043324918208895384
385,0.05987289418428525,0.07276058401289112,0.07561399482396619,0.044784462131938686
386,0.05921177791884308,0.0747078958933536,0.07658494067093133,0.04351760339860211
387,0.061467454465549534,0.07343327310903817,0.07821861419014596,0.04442902485472798
388,0.061618487230821466,0.07464470921431683,0.07599975584745328,0.044277601445381634
389,0.06125391864837106,0.07375072025001181,0.07713574881586026,0.04365105718052497
390,0.061407832413692014,0.07550168465257014,0.07806543288246465,0.04426451486888878
391,0.06224415254651058,0.07488475999804632,0.07742292104106609,0.04331007373406753
392,0.06187279652326741,0.07507993554372733,0.07688920357439298,0.043776746911468815
393,0.060894526099906435,0.07432574832755491,0.07666233702817482,0.04426378241124916
394,0.06062869280726585,0.0748607842179791,0.07718213779969653,0.04410967332389164
395,0.06167019874017289,0.07392255481224595,0.07662063577323079,0.04378255774207543
396,0.0588054592509397,0.07312974266321583,0.07420801796962702,0.043357488158600015
397,0.06097724498266464,0.07406045217051553,0.07859514624737543,0.04369944821524355
398,0.06090194833732057,0.07416675618926673,0.07702338981395596,0.043897748913519885
399,0.0594300014649144,0.07310605986620426,0.07547829483861515,0.043438107329458325
400,0.06044279505835193,0.07449333463548015,0.07761887787489627,0.04321915132574688
401,0.05829293422530377,0.0726448068753356,0.07392846330387172,0.04350373553396004
402,0.0608308511157771,0.0734871331607981,0.07521338932565028,0.04423790224131878
403,0.060459055617949835,0.07384340055666737,0.07690981004931878,0.04440822305776515
404,0.060355437277210634,0.07466668294350337,0.07570594267298192,0.043423604668195434
405,0.060025538356364476,0.07251540602568422,0.075792226182919,0.04363919136676416
406,0.060298940377947766,0.07362879046828412,0.0780364275599389,0.043352653938178935
407,0.05997973533863892,0.07331896088676175,0.07672791640216829,0.044674886469064576
408,0.06074046584305815,0.0731291078665945,0.07670032716441202,0.0436972020118156
409,0.060749060012695234,0.07522315542751094,0.07651882416133532,0.04431627520874918
410,0.060092924459201835,0.07395336686361641,0.07659885736608196,0.04355993945016692
411,0.06008594169637151,0.07214038771424329,0.0753126617510617,0.04418897407099809
412,0.06069407685922128,0.07408706479808565,0.07758142487426102,0.043647639044873884
413,0.060730992724253766,0.07399394501684596,0.07720728551198752,0.04392690072757318
414,0.060631036671712164,0.07376444162312637,0.07684940670931185,0.04333234044630952
415,0.061345866497387234,0.07381722740368157,0.07601728600029233,0.043955320083987184
416,0.06061565506128189,0.07312842423946495,0.07669480931686086,0.044382196396307264
417,0.06035866009082452,0.0731029835441184,0.07549177205918216,0.04301792079691219
418,0.06016411934176472,0.07440407246447615,0.07767801162166107,0.0444580790077628
419,0.06154323941598675,0.07454367889057026,0.07686747399775341,0.043868792421503135
420,0.06079193319986274,0.07352277943258963,0.07693442062600668,0.04400190438986165
421,0.060599736315249335,0.07446735680453115,0.07829322720835967,0.0436922212998668
422,0.060274036818203876,0.07415948044338053,0.07568367596073977,0.0437708872503528
423,0.06124644758044773,0.07474154011426322,0.07780287123394665,0.044332682259874315
424,0.0606580887738649,0.07384545143805801,0.07642565554958758,0.04421089896967506
425,0.06050788612725198,0.0735268811953707,0.07737858293861953,0.04325152595341426
426,0.059879339811514026,0.07367449582499133,0.07638468675228295,0.04504775623809651
427,0.06068577567263906,0.07463176912935146,0.07723438644465032,0.04417574100297745
428,0.061259241173885176,0.07382469847160472,0.07636974461643607,0.043861711997654776
429,0.061238683529468874,0.07384589091264203,0.07625792275013414,0.04389198691342212
430,0.06095912886371345,0.07449846183895617,0.07628932076761569,0.04322921041066316
431,0.06030738805605735,0.07322667122418085,0.0751885834269251,0.04328033595390258
432,0.061288637140484666,0.07410649934078749,0.07694584696518343,0.043786122369255005
433,0.061655647248400725,0.07475999804677966,0.07606958347575547,0.04354768299233208
434,0.06057410029786552,0.07373392255481175,0.07833497729381331,0.04499028272864765
435,0.06017984276575952,0.07293041652424323,0.07664876214658879,0.043536647297229815
436,0.06155520289076509,0.07498823184725782,0.07493290688021813,0.044546901704183135
437,0.06178905219981432,0.0737548708433023,0.076192050393086,0.04405156501782179
438,0.06081747155622745,0.07414507544313682,0.07823726744469972,0.04364021680745984
439,0.061251184139850125,0.07396127740612315,0.07584344938717708,0.043485961228574274
440,0.060541676839689175,0.07348708433028933,0.07608237706919249,0.04393993847355679
441,0.0605253186190724,0.07438283119292848,0.07814234093461579,0.0441744225792264
442,0.06092011328678128,0.07333932320914094,0.07763743346843117,0.04291479076126601
443,0.06178880804726749,0.0742046486644854,0.07959539039992175,0.0443179354460655
444,0.06165247326529592,0.07433151032765209,0.07582626104790226,0.04374280970750393
445,0.0616668782655395,0.07404306850920415,0.07644860588895896,0.044802773572926884
446,0.05993232091410663,0.07405088139069267,0.0755018799746078,0.0440205576444152
447,0.05995180428731845,0.07397431515210705,0.07682460081058635,0.04349030714390218
448,0.06058684506079341,0.0744443088041406,0.07707949606914369,0.04425108647883042
449,0.06208257239122976,0.0745791298403245,0.07746423165193585,0.043865667268908254
450,0.06075448019922765,0.07431905854778012,0.07703452317007628,0.04308183993358911
451,0.062052736950046025,0.07425562771619636,0.07787064798085745,0.04390067874407784
452,0.06212866839201076,0.07408452561160195,0.07745265882123087,0.044017090678254336
453,0.061881830167488064,0.07368426192685182,0.07590297377801643,0.04432584598857217
454,0.06116958835880624,0.07376136530103962,0.07465388935006519,0.044231358953072585
455,0.060835490014160415,0.07423121246154553,0.07612442013770176,0.04387831437081713
456,0.06280799843742328,0.07503432784803947,0.0769534156941254,0.044901704184773385
457,0.062003125152595075,0.07381288148835398,0.0781602129010205,0.04457961814541607
458,0.06161619219688441,0.07464680892621703,0.07616407051125497,0.0443149567849976
459,0.06251682211045471,0.07502363396650212,0.08041618243078177,0.04511719322232394
460,0.061453147126323875,0.07521846769861762,0.07820572293569,0.044071048391033485
461,0.06086771815030005,0.0734087113628594,0.07655652131451722,0.044134576883635736
462,0.06103637872942951,0.07396254699936505,0.07629659651350128,0.04332389276820008
463,0.06000351579666902,0.07307300161140642,0.07512300405293212,0.04366512036720384
464,0.06114141315493926,0.07430709507300136,0.07846887055032037,0.04338107329459304
465,0.060398603447433766,0.07255544704331217,0.07680331070853083,0.043618877874894685
466,0.0616315249768049,0.07414995849406651,0.0786360662141705,0.04441994237999768
467,0.05966228819766515,0.0731588944772694,0.07595190194833679,0.04286893891303155
468,0.060506421211973034,0.0742156843595875,0.07798608330484806,0.043824405488548136
469,0.06094574930416464,0.07436593583671061,0.0759337369988768,0.04454895258557423
470,0.06173465501245126,0.07394242882953278,0.07614116900239229,0.04350407734752534
471,0.059966599931636964,0.07244289271937084,0.07627281605547101,0.04452736950046248
472,0.06205840128912521,0.07486102837052512,0.07609028761169909,0.0435311782801882
473,0.061359246056936025,0.07338971629474074,0.07730094242882922,0.043579227501341584
474,0.06073221348698645,0.07393774110063939,0.07726358708921269,0.043670540553736266
475,0.06109678206943649,0.0729193808291422,0.07617828018946242,0.04435426534498628
476,0.060688754333707226,0.0736636066214166,0.07734996826016836,0.043163826358707295
477,0.06117647346061781,0.0739961423897649,0.07856936373846382,0.04338224522681618
478,0.059511792567995485,0.07290854045607703,0.07654514380585052,0.043482054787829814
479,0.060447775770300624,0.07355412861956118,0.07699404267786514,0.04371199765613416
480,0.060217442257922325,0.07448112700815436,0.07576463694516336,0.04392279896479178
481,0.0595485619415006,0.07352443966990532,0.07633639337858282,0.044298793886418594
482,0.06059861321353523,0.07285170174324873,0.07708569754382485,0.04358044826407408
483,0.06019649396943155,0.07402548952585515,0.0766459299770493,0.043656233214510856
484,0.060286390937057226,0.07258508716245862,0.07642677865130107,0.04394086625323353
485,0.059934225303969475,0.0730573270179208,0.0766408027735725,0.04427476927584194
486,0.061804677962790475,0.07444201377020382,0.07739708970164526,0.044164217002782086
487,0.059112847306997375,0.07328985790321776,0.07533199863274519,0.043484740465841665
488,0.059397968650813135,0.0732308218174713,0.07581429757312312,0.042776795741978166
489,0.06097895405049041,0.07303379071243685,0.07600864300014659,0.044228868597098125
490,0.06108335367937843,0.07304995361101572,0.07606557937399296,0.044465550075685714
491,0.06146213194003571,0.07340651398994126,0.07582626104790274,0.044061575272228586
492,0.060133307290394615,0.07329430147956383,0.07382792128521881,0.043316275208749117
493,0.061264368377361586,0.07311338444259986,0.07496293764344028,0.0435091557204929
494,0.060780262708139736,0.07312202744274574,0.07665340104497306,0.04446110649933949
495,0.061646760095707714,0.07413560232433161,0.07757527223008916,0.04488851994726153
496,0.06071077689340248,0.07424884027540407,0.07672845353777011,0.04343117339713735
497,0.06045949509253321,0.07307148786561768,0.07812324820547854,0.0430748571707588
498,0.05983187655647216,0.07228751403877093,0.07514014356169697,0.04388309976072875
499,0.06113384442599685,0.0736255676546696,0.07562825333268232,0.043732750622587566
500,0.061452268177156585,0.07331075736119888,0.07727931051320845,0.0437652717417828
501,0.0610997607305044,0.07463714048537551,0.07705078372967401,0.04368865667268775
502,0.06256033009424243,0.07450358904243366,0.0771716392401976,0.04461863372234834
503,0.06139044875237955,0.07439723619317291,0.07745622344841019,0.04410273939157053
504,0.061978856389471336,0.0737196640460952,0.07619957029151744,0.04426842130963293
505,0.06238961863372181,0.07465930953659823,0.07763714048537494,0.04416524244347739
506,0.06248474046584236,0.0741574295619899,0.07673021143610519,0.043697104350797
507,0.061558474534888975,0.07454909907710308,0.07646843107573557,0.04400971727134969
508,0.06118794863030402,0.0740231944919189,0.07637111187069676,0.04378416914888274
509,0.06132272083597775,0.07332511353093417,0.07932423458176656,0.043316177547730365
510,0.06416250793495751,0.07446403632989829,0.07792387323599778,0.04451921480540917
511,0.060750964402558214,0.07368641046926057,0.077032618780214,0.04421099663069319
512,0.061643048977000174,0.07259441378973558,0.07642570438009649,0.044189364715072524
513,0.0609110308120511,0.0735547634161822,0.07708784608623412,0.04440319351530732
514,0.061636993993847186,0.07298969676253685,0.07663513843449378,0.04363152497680416
515,0.06112427364617382,0.07398574149128383,0.0777801650471215,0.043752722300892166
516,0.05952590458518445,0.07318091703696436,0.07712246691732995,0.04303261878021249
517,0.06153181307681014,0.07351516187313821,0.07627535524195472,0.043682845842080605
518,0.06203916206846001,0.07362000097660971,0.07782342887836337,0.04407246447580322
519,0.06009375457785976,0.07307109722154329,0.07626173152985923,0.04324366424141653
520,0.06156760584012854,0.07310503442550874,0.07675994921626987,0.044151814053419294
521,0.06280418965769771,0.0741795497827032,0.07914243859563465,0.04483314614971305
522,0.0626553542653446,0.07391112847306938,0.07642834122759874,0.04419405244396564
523,0.06299672835587611,0.07450783729674247,0.07672415645295161,0.045017237169782266
524,0.061490795448996084,0.07350305190683115,0.07686659504858576,0.043878753845401325
525,0.062047853899115525,0.07339806631183136,0.07716138483324349,0.04430147956443072
526,0.06170252453733046,0.0740298354411833,0.07707080423848803,0.04407456418770366
527,0.0612918111235899,0.07210586454416605,0.07698222569461377,0.04357204941647395
528,0.06270271985936776,0.07460955124761905,0.077440695346452,0.04479344694565037
529,0.060871722252062575,0.0732001562576297,0.07651340397480312,0.04411763269690794
530,0.06463557790907694,0.07400732457639565,0.07767137067239555,0.04479432589481777
531,0.0662122662239364,0.0748220127935937,0.07753137360222627,0.044725572537719985
532,0.06647858782167063,0.07388563894721413,0.07607720103520642,0.04412212510376347
533,0.06558025294203787,0.07285770789589285,0.07613325845988568,0.044805312759411006
534,0.06541701254944064,0.0743398603447428,0.0757859758777278,0.04449636212705537
535,0.06626558914009457,0.07299106401679721,0.077155476341618,0.04446012988915337
536,0.06762424923091898,0.07557585819620077,0.07959841789149844,0.045920406269836136
537,0.06646887055031993,0.07446828458420808,0.07767273792665612,0.04556286928072538
538,0.06513760437521329,0.07387885150642101,0.07836857268421263,0.0443672542604608
539,0.06573558279212792,0.07396347477904115,0.07677909077591627,0.044458420821327664
540,0.06610923384930824,0.07416265442648523,0.07707256213682287,0.04446091117730231
541,0.06715567166365476,0.07367449582499086,0.07767859758777272,0.04463538258703895
542,0.0663303383954295,0.07355241955173543,0.07565550075687265,0.04403974803457062
543,0.0681329654768298,0.0740114751696854,0.07549665511011347,0.0445631622637811
544,0.06658435470481908,0.0730103032374623,0.07675863079251888,0.04456672689096032
545,0.06720118169832473,0.0740705600859412,0.07789638165926108,0.044525611602127764
546,0.06826768885199433,0.07383744323453234,0.0766605302993305,0.044427462278430266
547,0.06850422383905429,0.07511909761218763,0.07700009766101866,0.0445271253479162
548,0.06884286342106516,0.07452990868694716,0.07855466575516318,0.0456824551980066
549,0.06740421895600343,0.0747923726744468,0.0770850139166947,0.044808730895061724
550,0.06704062698373918,0.07353708677181467,0.07674295619903253,0.045429610820839725
551,0.06806616534010411,0.0739100542018655,0.07706396796718604,0.04415240001953112
552,0.06880394550515119,0.07425958298745007,0.07960188485765822,0.04431017139508636
553,0.06929478978465732,0.07326485668245468,0.07652717417842651,0.044678109282678666
554,0.06745876263489449,0.07268914497778188,0.07583627130230934,0.04358401289125284
555,0.07013501635822028,0.0738654231163633,0.07700771522046873,0.04488056057424515
556,0.06724884027540431,0.07315025147712237,0.07408769959470629,0.044469700668976465
557,0.06928619561501967,0.07451770105962192,0.0763196445138917,0.044329947751353536
558,0.06977787001318334,0.07378231358953094,0.07691625567654635,0.04480477562380868
559,0.06872147077493976,0.07408940866253197,0.07654226280580073,0.04440607451535563
560,0.06866565750280759,0.07371331607988589,0.07664300014649106,0.04478040919966634
561,0.0698163972850235,0.0747516968601975,0.07578197177596467,0.044493236974460434
562,0.06780399433566088,0.07346979832999602,0.07716665852824693,0.044139899409149405
563,0.06924049025831315,0.07408140045900685,0.07658357341667013,0.0442391230040512
564,0.06867493529957475,0.07455119878900257,0.0777074564187705,0.045167683968942336
565,0.06817608281654318,0.07313760437521341,0.07644362517701027,0.044162654426484683
566,0.06806738610283662,0.07261628985790293,0.07637111187069669,0.04472620733434129
567,0.0694182333121734,0.07462835099370123,0.07632540651398974,0.044794667708382786
568,0.06905146735680412,0.07377913960642589,0.07840050783729674,0.04393969432101054
569,0.07040182626104763,0.07437160017578896,0.07728473069974064,0.044330436056446654
570,0.06928775819131787,0.07397197128766013,0.07525372332633351,0.04411582596806348
571,0.06865408467210342,0.0736991552321883,0.07929752429317889,0.04424327359734232
572,0.07003457200058573,0.07329469212363872,0.07675365008057032,0.0441091361882891
573,0.06995234142292021,0.07531876556472519,0.07947985741491248,0.04439015576932339
574,0.06878700131842387,0.07418575125738497,0.07667874407930099,0.04425831339420761
575,0.06929015088627401,0.07399023389813897,0.07587748425216062,0.044660432638311216
576,0.07017188339274331,0.07377889545387928,0.07567522828263124,0.04398373944040137
577,0.07107285511987829,0.07528341227599017,0.07610547390009224,0.045734264368376236
578,0.07035939254846423,0.07361038136627664,0.07669686019825173,0.044050783729672915
579,0.07153068997509589,0.0743297524293174,0.07696381659260687,0.044477367058937234
580,0.07035333756531033,0.07325157478392541,0.07581507886127217,0.044368816836758335
581,0.07168601982518688,0.07437555544704343,0.0782976707847066,0.04528770936080749
582,0.0694957761609451,0.07326920259778269,0.07678329019971618,0.0442564090043447
583,0.07038820254895232,0.07362854631573806,0.07542130963425954,0.044430978075099783
584,0.07124454319058537,0.07439943356609187,0.07648625421163158,0.045194687240586943
585,0.07175076908052136,0.07381068411543489,0.07752995751745696,0.04553991894135343
586,0.07019712876605297,0.07378607353874718,0.07617388544362473,0.04435582792128396
587,0.07143317544801975,0.07424508032618785,0.07750192880511708,0.04536764490453514
588,0.07089066848967167,0.0736325015869913,0.07516245910444791,0.04499794911860802
589,0.0701828214268274,0.07354524146686761,0.0758427169295376,0.04398813418623782
590,0.07028546315738082,0.07408818789979946,0.07721402412227185,0.04419869134234906
591,0.07150046388983786,0.07439083939645473,0.07607964256067193,0.04528477953024938
592,0.07205346940768569,0.07477660041994247,0.07684300991259327,0.045189657698128466
593,0.07061565506128233,0.07317393427413482,0.07662825333268218,0.044907417354361816
594,0.07163987499389585,0.0745274183309727,0.07606328434005585,0.04406758142487335
595,0.07123648615655072,0.07488876409980941,0.07863616387518879,0.04443903510913475
596,0.07097299672835597,0.07526783534352235,0.07741720787147825,0.04453708677181376
597,0.0711750573758485,0.07436647297231277,0.07742038185458193,0.04471707602910165
598,0.07121700278333852,0.07402265735631619,0.07847966209287524,0.044959665999314814
599,0.07300073245763927,0.07418804629132264,0.07472816055471466,0.044500024415253504
600,0.07208608818789905,0.07393276038869075,0.07608359783192503,0.04381595781043835
601,0.07154924556863157,0.07463621270569837,0.07673035792763347,0.04462996240050621
602,0.07147253283851739,0.07399111284730696,0.07588891059133789,0.044540797890520456
603,0.07318809512183164,0.0746679525367449,0.07819004834220425,0.0441910249523893
604,0.07248019922847737,0.07422227647834392,0.07574354216514456,0.043244787343130565
605,0.07283046047170218,0.07555110112798409,0.07697768445724876,0.04492524049025701
606,0.07380155281019515,0.07531178280189463,0.07890536647297199,0.04501884857658931
607,0.0742282338004783,0.07438688412520092,0.07743693539723563,0.0443237951071815
608,0.07492021094780038,0.0750516626788414,0.07644435763464986,0.04555940231456472
609,0.07381356511548433,0.07471336491039574,0.07564007031593331,0.04442526490551159
610,0.07385067630255351,0.07447375360124975,0.07631974217491072,0.04528468186923037
611,0.0745259534156943,0.07336281068411503,0.07800302749157652,0.044751159724594286
612,0.07519683578299627,0.07531793544606623,0.07645695590604977,0.04538278236241886
613,0.07510313003564607,0.07403764832267193,0.07639591776942208,0.04543019678695113
614,0.07354704819571266,0.07474652082621197,0.07608076566238525,0.04510176278138453
615,0.07410493676449016,0.07477816299624003,0.077156306460276,0.04573387372430174
616,0.0741455149177207,0.07533820010742667,0.07813692074808333,0.04552854143268609
617,0.07373592460569323,0.07524434786854751,0.07712886371404808,0.04518990185067517
618,0.07225494408906616,0.07405517847551125,0.07451960544948484,0.044298793886418684
619,0.07660554714585646,0.07437072122662165,0.07785961228575615,0.04606513989940796
620,0.07393022120220698,0.07465774696030023,0.07683339030226059,0.04492831681234286
621,0.07421690512232038,0.07396552566043202,0.07785433859075197,0.045111382391717116
622,0.07531979100542012,0.07510024903559741,0.07820542995263434,0.04494672591435008
623,0.07501660237316207,0.07532770154792666,0.0759948239660141,0.04482235460715735
624,0.07483939645490495,0.07414224327359642,0.07532652961570345,0.04511411690023786
625,0.07483509937008621,0.07406733727232796,0.07623790224131997,0.04460623077298562
626,0.07458801699301726,0.07576986180965829,0.07736534987059855,0.045650666536450786
627,0.07450393085599823,0.07336193173494797,0.07793525074466509,0.045116607256212415
628,0.07259382782362338,0.07480902387811866,0.07648874456760606,0.04482665169197599
629,0.07593862004980671,0.07428731871673391,0.07629972166609696,0.04537501831143961
630,0.07557146345036334,0.07372474241906317,0.08004238488207427,0.04537912007422122
631,0.07305000244152576,0.0733317544801987,0.07654802480589844,0.04476287904682689
632,0.0748995068118559,0.07467498413008368,0.07665740514673516,0.04539127887103733
633,0.0740706089164505,0.07327286488597977,0.07699653303383963,0.04553718443283231
634,0.07597011572830689,0.07403789247521779,0.07535739049758276,0.04471443918159944
635,0.07580013672542557,0.07340373065090988,0.07674129596171589,0.044974656965670816
636,0.07345138922798966,0.07484706284486506,0.07535343522632926,0.04531300356462591
637,0.07585555935348344,0.07452102153425383,0.07773289711411667,0.04505429952634272
638,0.07657107280628926,0.07427940817422737,0.0757429561990334,0.044796132623662215
639,0.0768506763025537,0.07337077005713173,0.07588373455735131,0.045190634308314666
640,0.07641676839689428,0.07502309683089989,0.07566131158747888,0.045351628497483885
641,0.07578436447092114,0.07386874359099563,0.07549982909321733,0.04498183505053848
642,0.07568851018116128,0.07475662874163719,0.07639860344743353,0.04477313345378056
643,0.07529879388641998,0.07469148884222818,0.07637413936227304,0.04514229210410548
644,0.07630650910689044,0.0744338102446408,0.07758645441671994,0.045063479662091684
645,0.07893774110063942,0.07451281800869197,0.07852961570389211,0.0451971287660517
646,0.08147263049953599,0.0736635089603985,0.07627242541139675,0.04596723472825662
647,0.08038917915913862,0.07407002295033893,0.07810542506958311,0.04552297475462555
648,0.08096117974510449,0.07537306509106889,0.07663997265491397,0.04626905610625381
649,0.08140348649836382,0.07450661653400988,0.07545646760095649,0.045380487328481336
650,0.07997314321988341,0.073938522388788,0.07618516529127392,0.0457314321988364
651,0.08076180477562359,0.07454465550075648,0.07607261096733181,0.04678524342008783
652,0.08166971043507956,0.07418770447775766,0.07667464231651952,0.0448666927096039
653,0.07849343229649806,0.07444367400751968,0.0772918111235894,0.04597289906733593
654,0.08167449582499163,0.07378846623370311,0.07607764050979035,0.04599794911860789
655,0.08147136090629414,0.07407207383172948,0.07778841740319374,0.04608154695053343
656,0.08010557156111114,0.0739992187118507,0.0779281214903067,0.045425020752965097
657,0.08079237267444662,0.07475843547048146,0.07931139215781974,0.0458397870989783
658,0.08012866839201124,0.07486044240441364,0.07619498022364346,0.04654245812783688
659,0.08180389667464216,0.07463484545143736,0.07542126080374953,0.046226036427559014
660,0.08193627618536012,0.07458767517945239,0.07773987987694672,0.04735157966697469
661,0.08061917085795199,0.07338092680306625,0.07495053469407642,0.04603784364470755
662,0.07979886713218375,0.07385199472630474,0.07538693295571046,0.04589203574393149
663,0.08144938717710844,0.07390517115093483,0.0767934957761607,0.04621036183407296
664,0.08173021143610545,0.07365193612969402,0.07726300112310172,0.047465989550269864
665,0.08071951755456784,0.07415782020606455,0.07554436251770134,0.045434982176862884
666,0.07943048977000854,0.07357375848430066,0.07418477464719933,0.04608994579813375
667,0.08213613945993485,0.0739395966599931,0.07653552419551668,0.045996191220273284
668,0.08146110649934067,0.07327418330973133,0.07612651984960148,0.04678973582694359
669,0.0807495971482984,0.07513433273108963,0.07730982958152217,0.04563689633282703
670,0.07921280335953901,0.07518086820645511,0.07822945456321105,0.04552190048342098
671,0.07834410859905294,0.07418404218955926,0.07900375994921573,0.04618052639288931
672,0.08039562478636604,0.07468772889301235,0.07558054592509407,0.0465809853996766
673,0.0789028761169981,0.07410908735778111,0.0764925533473308,0.0457555544704318
674,0.08018355388446709,0.07399384735582748,0.0760439474583712,0.04564094926509985
675,0.08103364422090907,0.07528233800478497,0.0777118999951167,0.04603711118706832
676,0.08096000781288093,0.07538839787098978,0.07593783876165766,0.046347184921137485
677,0.07913115874798593,0.07470750524927855,0.07586630206553005,0.04603418135651032
678,0.08004756091606101,0.07467376336735164,0.07759651350163556,0.04574827872454563
679,0.08032037697153163,0.07394926510083491,0.0751225157478389,0.045169686019823935
680,0.08034620831095239,0.07469798329996567,0.07558288978954006,0.04573773133453652
681,0.08011763269690933,0.07390771033741837,0.07598178622002999,0.04637042824356548
682,0.0808498950144048,0.07464343962107453,0.07594179403291143,0.04608149812002416
683,0.08183265784462121,0.07336930514185193,0.07532394159871038,0.04566980809609719
684,0.08147995507593171,0.07508286537428563,0.07685912398066302,0.04632950827677019
685,0.08063230626495389,0.07346598955027066,0.0760043947458366,0.045624981688557435
686,0.08051975194101257,0.07657991112847264,0.07721163142731535,0.0465282484496302
687,0.0809378875921673,0.07444596904145645,0.07678875921675861,0.04642360466819554
688,0.08057112163679893,0.07496972508423247,0.07728873480150361,0.04613154939205885
689,0.08155095463645685,0.07474959714829846,0.07568938913032866,0.046806094047560136
690,0.08189794423555889,0.07412857073099191,0.07847394892328688,0.04574710679232247
691,0.08233248693783894,0.07515513452805225,0.07708340250988784,0.04672943014795549
692,0.08107549196738127,0.0752005957322132,0.07642443478685408,0.0462103130035632
693,0.08071028858830984,0.07489325650666505,0.0753674007519896,0.045915523218906
694,0.08156135553493768,0.07578631769129356,0.07690180184579329,0.0465078861272512
695,0.08279041945407459,0.07443649592265253,0.0761365789345176,0.045343522632939615
696,0.08143376141413138,0.07434669661604518,0.07565369402802821,0.04516543776551445
697,0.0837799697250841,0.07601235411885306,0.07726720054690102,0.046647004248253084
698,0.08570613799501971,0.07482694467503209,0.07698959910151877,0.046757898334878416
699,0.09000385761023423,0.07524571512280871,0.07636315249767994,0.04769002392694825
700,0.11648893988964447,0.07749089311001445,0.08099174764392764,0.050848381268615565
701,0.11979823233556465,0.07815176522291066,0.08144279505835132,0.05127979881830055
702,0.12030685092045625,0.07734713609062899,0.07822437619024394,0.0511878021387753
703,0.11844391816006675,0.07796283998242043,0.0793387372430297,0.051342985497337804
704,0.11735704868401993,0.07685336198056485,0.0782133404951415,0.05133766297182391
705,0.12105176033986205,0.07738693295571046,0.07910757361199212,0.0499674788808039
706,0.1173505053957726,0.0778809512183207,0.07947863665217994,0.0515687777723513
707,0.1151639240197288,0.07815254651105953,0.08093695981249029,0.050454319058546825
708,0.12101084037306666,0.07750300307632177,0.0786850920455104,0.05100366228819719
709,0.11763924019727713,0.0818539967771858,0.08024620342790191,0.050944577371940816
710,0.11797485228771047,0.077084916255676,0.07790106938815393,0.050647101909272026
711,0.118264759021437,0.07764319546852783,0.07976859221641656,0.051685531520093024
712,0.11887470091313145,0.07774617901264655,0.07931793544606676,0.05102846818692201
713,0.11847155622833153,0.07773524097856291,0.07747580448263999,0.0505278089750466
714,0.11374417696176622,0.07739245080326157,0.07964534401093801,0.05141686605791189
715,0.11534362029396067,0.07767640021485385,0.07795693149079481,0.0509015576932457
716,0.1153847844133028,0.07752526978856357,0.07869446750329631,0.05123048000390547
717,0.11772928365642897,0.07745524683822408,0.07920181649494575,0.05064895746862552
718,0.1143759460911188,0.0768998974559305,0.07841066458323084,0.05154406953464419
719,0.1157951560134782,0.07664080277357242,0.07775242931783738,0.05033507495483077
720,0.11390741735436367,0.07730260266614544,0.0771974705796183,0.05090482933736911
721,0.11488090238781258,0.0777246935885539,0.07846984716050512,0.05053235021241158
722,0.1135962205185805,0.07758118072171458,0.07928717222520536,0.05185858684506006
723,0.1179483373211594,0.07826866546218096,0.07985013916695112,0.05140236339664918
724,0.11731207578495086,0.0774591044484595,0.0787705942672973,0.05180125982713897
725,0.11517271351140118,0.07839337858293836,0.07933878607353842,0.05185468040431576
726,0.11508931100151452,0.0775289809072704,0.07741701254944003,0.0511857512573846
727,0.11639557595585764,0.07767815811318936,0.07742834122759827,0.05037970604033317
728,0.11623990429220313,0.0776681966892912,0.07824791249572607,0.05177782118267382
729,0.10965408467210312,0.0778503833194976,0.07996874847404585,0.050906343083157085
730,0.1138973582694476,0.07795947067727868,0.07825587186874433,0.05061721763757868
731,0.1104399628888141,0.0772567996484205,0.07841413154939189,0.05061770594267197
732,0.11118179598613334,0.07837995019288012,0.07859021436593559,0.05114898188388036
733,0.10977899311489812,0.07801704184774606,0.07944865471946902,0.04980814492895053
734,0.11009619610332556,0.07729298305581311,0.07915845500268588,0.05008794374725223
735,0.11049553200839934,0.07798378827091113,0.07826588212315004,0.05134684310757283
736,0.10377601445383064,0.0768496996923673,0.078617950095219,0.050460618194247284
737,0.10159040968797302,0.07582005957322084,0.07795663850773953,0.050430343278479145
738,0.1066047170271985,0.07727139997070147,0.07928927193710535,0.05117793837589647
739,0.10430147956443248,0.07775760535182341,0.07736227354851302,0.050452365838174584
740,0.1041572342399534,0.0772007422237413,0.07803242345817675,0.050594853264318534
741,0.10005928023829326,0.07818199130816954,0.0792607060891645,0.05019805654572878
742,0.10147048195712656,0.07883129059036026,0.07720923873235959,0.05064641828214191
743,0.10119541969822793,0.0780992235949013,0.07852233995800581,0.04979544899653197
744,0.10338580985399733,0.07784794179403302,0.07832613897162963,0.04951413643244177
745,0.10047482787245507,0.07835416768396873,0.07952312124615482,0.05032696909028693
746,0.10199633771180278,0.07799501928805072,0.07974031935153134,0.05099741198300625
747,0.09623541188534593,0.07825303969920426,0.07893012354118814,0.049564041212948697
748,0.10207539430636246,0.07792397089701572,0.07759094682357544,0.050572244738511685
749,0.10090526881195384,0.07788954538795778,0.07941750085453382,0.04966170223155292
750,0.0979528297280138,0.07748063870306195,0.07847707407588199,0.05020357439327968
751,0.0991639728502374,0.07835831827725909,0.07710229991698826,0.050184481664142834
752,0.09811597245959287,0.07772068948679099,0.07883802920064448,0.05023463059719596
753,0.0963413740905312,0.07832130475120858,0.07987274769275822,0.05058401289125338
754,0.09458503833194952,0.07639010693881505,0.07799116167781625,0.049491039601542115
755,0.09274930416524206,0.07686278626886063,0.077665218028224,0.049431857024267736
756,0.09294604228722056,0.07813794618877892,0.07777235216563266,0.05003623223790109
757,0.09174739977537943,0.07831422432735904,0.07839396454904958,0.050164119341763874
758,0.091416133600273,0.07605259045851852,0.07844894770252392,0.04890370623565487
759,0.08995512476195135,0.0779263635919721,0.07870149909663543,0.04949631329654669
760,0.08809434054397179,0.07780189462376118,0.08167068704526538,0.05061926851896922
761,0.08808677181502983,0.0773528004297081,0.07882626104790227,0.0487510620635761
762,0.08510449728990636,0.07703154450900862,0.07774774158894487,0.04933531910737735
763,0.08490004394745823,0.07703369305141809,0.07720538112212441,0.047848967234726834
764,0.08432740856487146,0.07709653791689063,0.07939074173543573,0.04874466526685784
765,0.08426422188583409,0.07682538209873449,0.07712383417159001,0.0486769373504556
766,0.08373953806338215,0.07703183749206469,0.07950085453391173,0.050189022901507965
767,0.08393705747350969,0.07804057815323001,0.08085907515015281,0.048612676400213536
768,0.08375091557204876,0.0776867034523166,0.07800639679671889,0.04863670101079032
769,0.08159871087455463,0.07728502368279642,0.07798437423702295,0.04952004492406754
770,0.08210864788319752,0.07737858293861942,0.07785482689584433,0.04917383661311515
771,0.08246823575369883,0.07761052785780546,0.07849274866936849,0.04821338932564942
772,0.08077660041994268,0.07797680550808155,0.07772230089359773,0.04817847551149872
773,0.08004282435665906,0.07892157820205978,0.0798444748278727,0.0483205722935679
774,0.08164163289223085,0.07895888471116684,0.07830606963230588,0.049013623712094216
775,0.08117154157917794,0.07860134772205622,0.08164837150251457,0.04830631378485181
776,0.07993393232091409,0.07761033253576884,0.07889301235411854,0.04885619415010375
777,0.07949846183895648,0.07879749987792349,0.0807904682845843,0.04800673861028256
778,0.07918692318960871,0.07822276478343697,0.0786438790956581,0.04892489867669175
779,0.07678431564041156,0.0777280628936958,0.07835226329410581,0.0481021045949496
780,0.07915933395185294,0.07845304946530585,0.07793427413447884,0.048655354265344036
781,0.07823511890228964,0.0793047023780456,0.07814571023975728,0.047830265149664264
782,0.07803891791591361,0.07746916353337578,0.0784232628546312,0.04803066555984077
783,0.07697641486400668,0.07820733434249652,0.079762976707847,0.04832906880218627
784,0.07928643976756665,0.07849748522877083,0.08013799501928705,0.048138776307435904
785,0.07752302358513652,0.07836491039601509,0.07859216758630781,0.047164558816347416
786,0.07971248596122903,0.0792213486986666,0.0782488402754035,0.048192929342251715
787,0.07791313052395091,0.07709692856096402,0.07967161482494224,0.04807983788270796
788,0.07740934615948042,0.07864002148542427,0.08211128473069924,0.04796240050783642
789,0.07883505053957705,0.07788578543874188,0.07905273695004691,0.04827872454709568
790,0.07949240685580324,0.07742189560037054,0.07772376580887673,0.04777928609795259
791,0.07956091606035481,0.07791044484593933,0.07734669661604514,0.04801445383075206
792,0.08071063040187552,0.0774900141608473,0.07950192880511693,0.048853117828017684
793,0.08080638703061646,0.0783108550222178,0.0795000244152545,0.048306216123833005
794,0.08019312466428992,0.0775189706528635,0.07950080570340295,0.04772527955466442
795,0.0810740758826112,0.0782302358513589,0.07759114214561183,0.04787421260803628
796,0.07880624053908833,0.0767997949118606,0.07800429708481874,0.0477218125885043
797,0.08146979832999676,0.07762659309536564,0.08132809219200132,0.047721959080032066
798,0.08140876019336853,0.0789201132867806,0.07868221104546086,0.047711851164606564
799,0.0811420967820694,0.07854431368719167,0.08020899457981331,0.04732506470042362
800,0.0815993456711751,0.0775867962302842,0.0793136383612475,0.04801230528834341
801,0.08100180672884416,0.0768216709800276,0.07835758581961988,0.047746520826210885
802,0.08333883490404825,0.07782963035304437,0.07942858538014501,0.04845348893988855
803,0.08225128180086883,0.07770022950339336,0.07786898774354198,0.047431319888665315
804,0.08296874847404664,0.0782297963767759,0.07800424825430914,0.04764978758728345
805,0.08414927486693717,0.07795942184676917,0.0799454074905996,0.0479450656770337
806,0.08430797402216918,0.07809341276429442,0.07998735289809032,0.04923272620733347
807,0.08319610332535736,0.07706040334000623,0.0792144635968549,0.04712271106987514
808,0.08433824893793644,0.07736920748083304,0.07849470188974082,0.0473402509888168
809,0.08413555349382272,0.07672513306313733,0.07884823477708851,0.04643073392255296
810,0.0827310903852727,0.07838751892182237,0.0801193417647343,0.04786303042140638
811,0.08330377459836838,0.07727701547927122,0.07878748962351677,0.04716792812148915
812,0.08389755359148353,0.07778934518286973,0.08066028614678443,0.04734327848039325
813,0.08458669856926583,0.07735226329410587,0.0800276380682652,0.04738483324380943
814,0.08438214756579869,0.07915176522291123,0.08002929830558114,0.04733009424288138
815,0.0844697983299962,0.07882328238683495,0.0795798622979635,0.04836896332828629
816,0.08491527906636025,0.07752028907661476,0.07833317056496879,0.04681610430196656
817,0.08580340836954879,0.07859182577274222,0.08027223008935927,0.04798207920308524
818,0.0865317642463012,0.0787216172664675,0.07865120367205376,0.047992968406659474
819,0.08473646174129534,0.07784569559060446,0.07856946139948247,0.047834904048048014
820,0.08602802871233972,0.07954006543288182,0.08154328824649619,0.047651398994090516
821,0.1015813760437522,0.07872205674105179,0.08067713267249325,0.048299428683040165
822,0.10178763611504488,0.07934303432784788,0.08043400556667735,0.04917935446066583
823,0.10004785389911552,0.0798459397431511,0.08156086722984507,0.04952419551735804
824,0.10487831437081896,0.08097895405049027,0.08131798427657533,0.048865276624834114
825,0.10200019532203737,0.0789148884222863,0.080259534156941,0.048536451975192914
826,0.10476116997900284,0.08087572635382495,0.08196884613506504,0.04954153034816045
827,0.10702465940719776,0.07925465110601031,0.08165432882464925,0.050015918746031146
828,0.10450505395771337,0.08073690121587954,0.08229498510669438,0.04903388837345468
829,0.10830011231017098,0.07969725084232555,0.08010215342545947,0.04980248058987149
830,0.10716118951120623,0.08006929049269924,0.08076097465696548,0.04979623028468055
831,0.1099884271692954,0.07971067923238437,0.08005561795009412,0.04989306118462717
832,0.109941110405782,0.07926910493676435,0.08244841056692191,0.048684652570925205
833,0.11441628009180232,0.07905893842472739,0.08243615410908743,0.0497871478099502
834,0.11166883148591317,0.08039928707456387,0.08102104594950893,0.049893061184626886
835,0.11484847892963597,0.0812243761902434,0.08140294936276132,0.05053801455149093
836,0.11693940133795636,0.08050710483910321,0.08171858977489142,0.050402558718686485
837,0.11676146296205946,0.08098173738952022,0.08153498705991502,0.05004131061086843
838,0.11630714390351142,0.08065388935006576,0.08402290150886256,0.05140031251525848
839,0.11679330045412373,0.08111890229015045,0.08146105766883137,0.050205674105179766
840,0.11825689730943985,0.08062356560378865,0.08181097709849038,0.05089052199814362
841,0.1179049269983888,0.08230372576785915,0.08132184188680967,0.05070521021534135
842,0.1185651643146643,0.08115240001953214,0.08233160798867104,0.050468772889300254
843,0.11900620147468233,0.08172264270716317,0.08280614287806977,0.05185204355681388
844,0.11833824893793655,0.08035587675179393,0.08137501831144077,0.05132594364959141
845,0.11680848674251705,0.07958440353532921,0.08285892865862622,0.05009692856096407
846,0.1219739733385429,0.08112764295131566,0.0829257287953511,0.051128863714047665
847,0.12400761755945115,0.08210469261194417,0.08161047902729551,0.05157468626397705
848,0.12353488939889665,0.0807210313003566,0.08227403681820412,0.051297475462668427
849,0.12379339811514248,0.08194794667708345,0.08308667415401097,0.05214165730748448
850,0.1206158503833196,0.08125479759753858,0.08450778846623316,0.05117613164705214
851,0.11739445285414375,0.08120796913911756,0.08176659016553539,0.050391962498167804
852,0.11564798085844068,0.08029239708970103,0.0818196689291467,0.05121124078324037
853,0.11735592558230415,0.08112896137506681,0.08225137946188747,0.051345085209237716
854,0.11812451779872142,0.08235856242980533,0.08346398749938963,0.05240709995605161
855,0.12217759656233365,0.08179266565750237,0.08287196640460955,0.05133185214121682
856,0.11730162605596013,0.08082128033595355,0.08181073294594449,0.051711314029004515
857,0.1156163875189224,0.08034015332779926,0.0828229405732699,0.051108403730650266
858,0.11779955075931454,0.08048752380487273,0.08241398505786415,0.05152961570389094
859,0.11536891449777892,0.08099897455930452,0.0830018067288435,0.051351774989012125
860,0.12012285756140464,0.08300185555935337,0.08447751355046611,0.051844230675325134
861,0.11886771815030085,0.0809357878802665,0.08192275013428385,0.05088412520142487
862,0.11673568045314765,0.08106304018750864,0.08310562039161982,0.051275257580935714
863,0.11629815908979987,0.0807229356902192,0.08116475413838516,0.050291957615116865
864,0.1114279505835248,0.08170838419844731,0.08262117290883299,0.05178455979295787
865,0.11010522974754652,0.07996132623663277,0.08450402851701755,0.05048537526246296
866,0.10920572293569117,0.08054660872112866,0.08265022706186792,0.050537819229453766
867,0.10898129791493676,0.08107163435714602,0.08235773231114747,0.051830020997118136
868,0.10960134772205657,0.08130206553054294,0.08385819620098592,0.05088866643878955
869,0.10869656721519692,0.08059578104399644,0.08292250598173767,0.05147150739782147
870,0.11875130621612424,0.08250002441525417,0.08467644904536294,0.05353127594120751
871,0.12193793642267672,0.08189115679476533,0.08430348161531291,0.0524573465501237
872,0.1160880902387807,0.08380389667464185,0.0851977147321645,0.053210166512036056
873,0.11481141657307535,0.08328004297084794,0.08491186093070911,0.054154206748375726
874,0.11596362127057028,0.0825586698569259,0.08478485277601433,0.05349186972020075
875,0.11243073392255552,0.08318116118951079,0.08620645539332977,0.05319092729137079
876,0.10986571609941934,0.08405332291615755,0.08466565750280737,0.053132428341227084
877,0.11151799404267862,0.08417578983348734,0.08578529225059794,0.0530712925435805
878,0.11318799746081472,0.08420967820694282,0.08655251721275344,0.05392401972752497
879,0.11035128668392036,0.08403164217002779,0.08557151228087266,0.053691732994774435
880,0.10866546218077068,0.08523121246154565,0.08530567898823105,0.05398193271155727
881,0.11058982372186127,0.08521548903754977,0.08530641144587171,0.05395893354167597
882,0.11285458274329888,0.08475633575858148,0.08569529762195409,0.05415318130768036
883,0.11329049269983968,0.0860414082718884,0.08773201816494935,0.053963425948532116
884,0.11240529322720842,0.08514658918892526,0.08528819766590122,0.05511621661213853
885,0.11148781678792977,0.08665310806191676,0.08842047951560159,0.055168709409638465
886,0.1125022217881732,0.08533419600566339,0.0866216123834163,0.05425001220762631
887,0.11693520191415588,0.0863154939206011,0.08865310806191723,0.05661746179012536
888,0.1123453293617852,0.08708071683187688,0.08642795058352383,0.05507285511987826
889,0.10555979295864053,0.08582816543776513,0.08795297621954179,0.05368802187606734
890,0.10124796132623708,0.08751130426290278,0.08925948532643163,0.05531339420870125
891,0.09898725523707197,0.08847126324527556,0.09007280628936896,0.05471868743590957
892,0.09555945114507512,0.08646887055031947,0.08881620196298548,0.05515142340934565
893,0.09482142682748182,0.08918438400312495,0.09085228770936024,0.05442287221055669
894,0.09397934469456463,0.0879656233214509,0.09068186923189564,0.05472435177498818
895,0.0920869671370673,0.08862239367156557,0.08906470042482477,0.05420352556277129
896,0.09362219834952908,0.09012271106987636,0.09160608428145872,0.05401972752575746
897,0.09314063186679017,0.08854768299233362,0.0908534108110743,0.053908442795057486
898,0.09339186483714997,0.08821563552907838,0.09190355974412744,0.05373084623272563
899,0.0974135455832802,0.09154319058547754,0.0922345817666879,0.05494526099907143
900,0.09935314224327367,0.09029273890326636,0.09209473118804568,0.05491371649006237
901,0.10904594950925338,0.09257966697592604,0.09441686605791326,0.05527496459788028
902,0.11510850139167005,0.09140377948142037,0.0941604082230574,0.05426588212314976
903,0.12250510278822335,0.09348659602519582,0.0939254846428048,0.05558621026417252
904,0.1297589726060845,0.09475804482640728,0.09573402021583058,0.05706040334000623
905,0.13361716880707156,0.09424351774988944,0.09689389130328507,0.05523980663118255
906,0.13430230968308995,0.09511167537477408,0.09813789735826874,0.05693798525318543
907,0.1345880658235284,0.09248801210996667,0.0954794179403286,0.05669456516431413
908,0.12972708628351082,0.0937049660627955,0.0965114019239223,0.05603032374627607
909,0.12410737828995633,0.0934448459397424,0.0973654963621262,0.0553535817178567
910,0.1294179403291181,0.0959208457444198,0.10047912495727264,0.05651320865276555
911,0.13104175008545446,0.09432994775135477,0.09803442550905783,0.05541295961716811
912,0.13030577664925158,0.0950066897797736,0.0983828800234382,0.05717378778260568
913,0.14065691684164355,0.0970395038820247,0.10009233849309072,0.05794809316861123
914,0.13239401337955975,0.09805952439083848,0.10292323843937654,0.057876947116558025
915,0.1270397480345725,0.096234825919234,0.1016847990624536,0.0596777186386044
916,0.1300288100004883,0.095877435421651,0.10046369451633352,0.05938131744714086
917,0.12517647346061833,0.09817813369793388,0.10265882123150563,0.060331461497143114
918,0.12989481908296435,0.09961897553591426,0.1031811611895104,0.06105591093315055
919,0.12621617266468138,0.10043102690560964,0.10605293227208347,0.062396406074515534
920,0.13544069534645298,0.10170433126617516,0.10648332438107372,0.06462800918013545
921,0.1335421163142729,0.10145842082132847,0.10754909907710293,0.06581634845451363
922,0.12993945016846625,0.10316079886713232,0.1065890912642221,0.06447736705893778
923,0.12924957273304372,0.10409248498461834,0.10917408076566144,0.06437316275208721
924,0.12224161336002835,0.10455798622979563,0.11011802334098396,0.06387421260803726
925,0.11611880462913275,0.1035869915523214,0.11032648078519483,0.06211172420528348
926,0.12288246496411008,0.10409897944235527,0.11085717076029117,0.06345187753308176
927,0.13251594316128734,0.1049158650324715,0.11111001513745712,0.06504336149225981
928,0.1301662678841742,0.1020964402558715,0.11018496996923682,0.06078968699643545
929,0.13848918404219054,0.10203491381415,0.10960862346794316,0.06267547243517728
930,0.14576908052151075,0.10522886859709857,0.11338629815908985,0.06305200449240657
931,0.15188344157429615,0.10471214414766387,0.11432023048000378,0.06350910688998487
932,0.16506318667903913,0.10511069876458773,0.11372488891059125,0.06414605205332251
933,0.1890864300014664,0.10693730162605583,0.11292514282923975,0.06900117193222333
934,0.14993813174471432,0.1066218565359631,0.11555471458567332,0.06563591972264264
935,0.14828526783534415,0.1048814883539237,0.11774110063967863,0.06880287123394659
936,0.14838351482005924,0.10732955710727923,0.11926436837736201,0.06986513013330713
937,0.1290345231700777,0.10422613408857896,0.11637394404023647,0.06610474144245265
938,0.12588309976073125,0.1063438644465063,0.1173877142438598,0.066913423507007
939,0.13192426388007325,0.105998486254211,0.1180866253235027,0.06888251379461911
940,0.1296723961130916,0.10725142829239624,0.11939699204062768,0.068999365203379
941,0.15187968162508134,0.1085746862639772,0.12052839494115955,0.07050471214414747
942,0.14585922164168388,0.10800527369500533,0.12064544167195647,0.06864090043459165
943,0.1608948190829634,0.10864920162117296,0.12114732164656485,0.07063089018018433
944,0.1428824649641097,0.11087098979442404,0.12569119585917235,0.07058484300991248
945,0.12944904536354224,0.1092163679867178,0.12521563552907913,0.06833678402265705
946,0.1235695102299922,0.10371946872405836,0.12050656770350154,0.06748073636408004
947,0.1245395282972805,0.10220391620684624,0.1189928219151324,0.06735592558230366
948,0.13982372186141928,0.1092201767664436,0.1216840177743051,0.07373260413106114
949,0.16090014160847724,0.11404863518726555,0.12372361931734907,0.07855178475511454
950,0.17741344792226302,0.1134980223643734,0.12251848234777127,0.07930133307290331
951,0.15332438107329535,0.1064635968553156,0.11563572440060528,0.0741501538161031
952,0.17944972899067474,0.1098258704038284,0.1156338688412524,0.07673050441916078
953,0.1556241027393912,0.09783509937008568,0.10814424532447894,0.07230738805605721
954,0.17179969725084288,0.0974413789735827,0.10144631085502173,0.0753342936666827
955,0.1629501440500033,0.09634723375164793,0.096860198251867,0.07186024708237686
956,0.19724737536012532,0.10747795302504956,0.1016060842814587,0.07920699252893144
957,0.15504370330582504,0.10284496313296547,0.09709497534059207,0.07343879095658905
958,0.17242892719371114,0.1267115093510436,0.11974007519898527,0.08187113628595137
959,0.2041142633917676,0.13638082914204813,0.13269866692709625,0.0888463303872257
960,0.1830077152204702,0.1468081449289518,0.14963049953611107,0.08643781434640319
961,0.1823161775477337,0.11339181600664106,0.13548054104204385,0.07744279505835225
962,0.1947656135553519,0.1125261975682404,0.12089203574393315,0.07410034669661521
963,0.2301436105278596,0.139450803261879,0.13315840617217642,0.08627867571658776
964,0.2280289564920198,0.14629083451340386,0.13295468528736784,0.0878756286928065
965,0.2803990917525297,0.1438438400312526,0.13007329459446365,0.09088153718443236
966,0.2539555154060297,0.11585634064163307,0.1207060403340008,0.08710000488305111
967,0.25511953708677515,0.11855368914497845,0.12533961619219694,0.09504902583133916
968,0.26933859075150424,0.1492168074613022,0.1461171443918161,0.10620967820694406
969,0.2942306264954381,0.1525313736022268,0.14783236486156567,0.1099451633380535
970,0.2998419356413912,0.1284775135504671,0.12227423214024068,0.0986016407051128
971,0.24854450900923095,0.10733400068362714,0.09503672054299434,0.09074061233458636
972,0.32918218663021004,0.15279530250500528,0.1340771033741895,0.1022793593437174
973,0.41670853068997904,0.14992108989696826,0.142586845060794,0.09535895307388052
974,0.35195160896528443,0.13249763172029858,0.12752844377166947,0.11118702085062704
975,0.33826471019093296,0.13677205918257784,0.11817198105376192,0.11686112603154498
976,0.3013438644465075,0.14043581229552235,0.11146276673665713,0.11449543434737985
977,0.4533354655989083,0.1610163582206173,0.13744015821085095,0.11904736559402287
978,0.33758254797598103,0.13239958005762045,0.14499233361003974,0.09212456662922912
979,0.3511113823917221,0.15226612627569774,0.15129947751355013,0.100817422725719
980,0.0018568289467259527,0.003731578690365904,0.003655891400947557,0.00178592704721905
981,0.001168367596073911,0.0007671273011378443,0.0007160994189170159,0.0016985204355680142
